GEOID,all_ppl_race,B02001_001M,B02001_002E,B02001_002M,black,B02001_003M,B02001_004E,B02001_004M,B02001_005E,B02001_005M,B02001_006E,B02001_006M,B02001_007E,B02001_007M,B02001_008E,B02001_008M,B02001_009E,B02001_009M,B02001_010E,B02001_010M
"48453000101",4494,584,3916,556,0,15,31,50,169,152,0,15,60,93,318,200,72,118,246,158
"48453000102",2155,305,1957,279,11,9,0,15,91,66,0,15,3,6,93,57,67,48,26,27
"48453000203",3020,256,1997,293,337,137,61,83,336,106,14,24,11,17,264,141,237,139,27,37
"48453000204",2593,270,2080,254,65,54,0,15,140,77,0,15,31,38,277,132,186,101,91,74
"48453000205",4549,545,3582,474,94,109,0,15,224,181,0,15,279,208,370,266,236,235,134,138
"48453000206",3906,878,3175,582,90,90,69,83,155,125,0,15,61,59,356,370,290,283,66,96
"48453000302",5474,788,3326,514,191,131,22,36,765,347,0,21,144,118,1026,610,957,601,69,62
"48453000304",3054,567,2357,365,39,40,0,15,170,80,20,30,235,275,233,120,166,106,67,49
"48453000305",3529,382,2922,394,53,69,40,62,119,66,5,10,179,199,211,104,101,75,110,65
"48453000307",1875,256,1567,196,42,32,0,15,66,72,0,15,50,54,150,73,78,58,72,43
"48453000308",2258,370,1367,278,82,79,0,15,381,192,0,15,31,49,397,276,364,272,33,37
"48453000309",5267,499,3778,582,228,155,48,77,483,163,0,21,106,65,624,231,252,140,372,193
"48453000401",4516,647,3074,539,219,88,59,94,446,222,0,15,177,172,541,303,346,257,195,125
"48453000402",3207,270,2124,208,466,194,25,27,117,69,0,15,223,178,252,105,83,50,169,88
"48453000500",3931,645,3394,593,49,49,34,49,249,124,0,15,95,105,110,63,46,36,64,65
"48453000601",10105,359,5577,459,1921,278,45,44,1215,266,14,31,316,149,1017,459,746,436,271,95
"48453000605",2779,542,1992,515,92,107,18,30,249,131,0,15,168,181,260,136,81,94,179,95
"48453000606",4553,688,2685,574,123,98,0,15,1213,396,0,15,110,117,422,198,285,180,137,105
"48453000607",3038,311,1843,341,176,90,12,19,665,261,0,15,25,34,317,189,146,108,171,158
"48453000608",3627,592,1439,340,447,165,0,15,985,361,0,15,43,52,713,470,661,461,52,59
"48453000700",1321,241,949,182,25,34,1,3,225,164,0,15,54,75,67,44,37,39,30,20
"48453000801",2000,572,1386,558,92,75,0,15,44,56,20,22,126,98,332,210,209,152,123,144
"48453000802",3912,828,2533,699,938,517,0,15,18,22,0,15,369,352,54,63,4,7,50,63
"48453000803",3300,420,2014,299,710,329,8,12,134,79,0,15,149,172,285,142,196,128,89,58
"48453000804",2607,401,1386,244,779,365,77,106,31,27,0,15,180,166,154,82,90,73,64,46
"48453000901",3171,824,2068,615,251,121,0,15,122,75,0,15,111,103,619,558,492,529,127,141
"48453000902",6016,532,3783,621,324,237,0,21,237,166,0,21,1149,533,523,259,266,233,257,144
"48453001000",3291,528,2517,524,46,36,4,8,77,49,0,15,174,117,473,198,234,168,239,138
"48453001101",1755,334,1165,287,151,111,5,8,51,61,14,26,30,30,339,241,214,207,125,185
"48453001102",3571,732,3082,672,0,15,0,15,296,235,0,15,0,15,193,121,83,98,110,77
"48453001103",3522,791,2774,804,98,104,0,15,206,191,0,15,33,53,411,227,173,165,238,236
"48453001200",6842,629,5695,580,39,64,12,22,477,233,0,21,162,150,457,384,364,378,93,86
"48453001304",3966,354,3543,413,53,58,0,15,152,153,0,15,34,57,184,107,89,78,95,76
"48453001307",5081,1820,4400,1837,23,28,12,19,159,116,0,21,252,346,235,167,155,145,80,81
"48453001308",3191,566,2215,492,95,80,0,15,167,97,0,15,103,79,611,261,439,230,172,121
"48453001309",2897,735,2681,705,0,15,0,15,51,48,0,15,14,22,151,130,126,125,25,33
"48453001310",3908,703,3183,549,141,101,0,15,183,166,0,15,16,26,385,282,249,254,136,108
"48453001311",1379,350,1079,166,218,299,0,15,21,23,0,15,32,36,29,37,13,21,16,31
"48453001312",4732,570,3520,631,414,521,0,15,65,58,0,15,0,15,733,356,503,290,230,169
"48453001401",2597,230,2149,254,78,67,8,21,141,82,0,15,15,23,206,121,42,38,164,113
"48453001402",2200,286,1589,224,109,91,0,15,140,73,0,15,89,83,273,154,215,151,58,49
"48453001403",1477,379,1161,366,40,57,56,47,17,18,0,15,49,38,154,86,77,54,77,56
"48453001501",5799,1013,4939,920,89,97,0,21,251,185,0,21,0,21,520,368,422,357,98,76
"48453001503",5214,799,3104,479,337,177,17,27,673,351,0,21,129,65,954,540,677,519,277,121
"48453001504",6729,675,4947,704,24,38,0,21,427,179,0,21,467,283,864,306,511,278,353,198
"48453001505",4702,536,3854,491,143,152,0,15,108,88,0,15,165,173,432,225,298,199,134,95
"48453001602",2892,305,2111,265,53,43,6,9,478,169,0,15,70,60,174,113,167,110,7,14
"48453001603",4390,538,3763,424,21,30,10,17,257,235,0,15,37,32,302,207,185,193,117,100
"48453001604",4111,498,3676,490,79,80,0,15,22,23,0,15,50,65,284,148,227,128,57,58
"48453001605",4712,1098,4375,1085,98,78,0,15,0,15,0,15,34,55,205,136,0,15,205,136
"48453001606",86,17,40,9,24,32,0,15,0,15,0,15,5,8,17,32,17,32,0,15
"48453001910",4753,519,3874,546,135,160,0,15,308,171,0,15,274,302,162,92,56,48,106,82
"48453001911",3018,404,2340,371,48,45,0,15,298,154,0,15,213,115,119,71,59,58,60,43
"48453001912",4324,617,3253,707,230,116,0,15,469,225,0,15,147,193,225,102,107,67,118,76
"48453001913",4937,454,4265,439,0,15,0,15,410,132,0,15,9,15,253,145,161,110,92,84
"48453001914",5926,567,4823,582,42,41,0,21,362,176,0,21,68,77,631,362,326,255,305,255
"48453001915",3154,364,2430,356,44,63,0,15,361,160,0,15,102,74,217,110,114,71,103,83
"48453001916",3135,397,2394,309,68,102,0,15,246,75,0,15,28,45,399,295,317,285,82,55
"48453001917",4440,281,3594,274,0,15,0,15,503,84,0,15,102,69,241,129,104,104,137,73
"48453001918",2650,317,2434,339,14,23,0,15,123,85,0,15,21,29,58,40,30,28,28,28
"48453001919",3799,452,3133,370,0,15,0,15,425,353,0,15,41,59,200,95,115,79,85,55
"48453001920",6857,936,5248,981,300,247,80,128,609,283,0,21,43,53,577,279,240,181,337,204
"48453001921",3693,453,3551,473,15,23,0,15,77,78,0,15,0,15,50,46,19,32,31,33
"48453001922",2123,419,1588,377,15,25,5,9,139,93,0,15,10,16,366,271,28,33,338,271
"48453001923",3422,554,2590,499,28,43,27,35,0,15,0,15,0,15,777,342,377,271,400,294
"48453002002",2793,408,2272,286,18,23,0,15,45,42,4,12,120,144,334,255,266,262,68,60
"48453002003",3576,484,2593,519,206,260,15,24,41,36,0,15,239,191,482,272,446,270,36,36
"48453002004",3011,381,1975,283,113,88,0,15,198,105,0,15,404,463,321,174,163,143,158,105
"48453002006",2363,314,2078,372,20,31,0,15,21,27,0,15,143,137,101,118,48,90,53,73
"48453002007",2504,291,1955,308,128,117,53,67,70,66,0,15,35,37,263,124,104,97,159,95
"48453002104",2589,435,2141,417,80,66,16,19,28,28,0,15,164,182,160,72,87,54,73,52
"48453002105",4818,848,2153,399,876,293,18,29,78,55,0,15,964,577,729,827,600,829,129,117
"48453002106",3012,397,1772,344,116,100,16,31,111,119,0,15,606,218,391,194,111,81,280,185
"48453002107",4884,1214,2928,805,520,213,53,59,62,43,0,15,737,813,584,480,536,481,48,41
"48453002108",4251,625,1357,361,1421,256,0,15,221,179,0,15,753,491,499,276,292,245,207,111
"48453002109",4121,538,2456,393,1007,345,39,43,109,64,0,15,118,128,392,263,225,206,167,164
"48453002110",4037,604,1440,368,1103,454,0,15,103,69,0,15,953,498,438,335,332,331,106,102
"48453002111",4835,994,3196,588,122,94,71,94,91,58,0,15,399,193,956,955,812,941,144,80
"48453002112",6244,1231,3228,783,1255,584,31,38,310,387,0,21,1156,948,264,169,180,164,84,56
"48453002113",3564,582,2066,291,512,115,13,21,70,58,0,15,269,212,634,401,392,392,242,148
"48453002201",2720,747,459,146,833,196,2,8,40,41,0,15,436,224,950,770,263,161,687,676
"48453002211",4700,1422,2042,729,726,386,31,49,88,76,0,15,454,269,1359,1177,1252,1180,107,104
"48453002213",4776,678,1674,618,493,296,4,7,106,116,0,15,2096,453,403,385,333,388,70,84
"48453002214",3986,843,1640,386,668,261,7,14,31,38,40,45,1360,907,240,196,141,162,99,89
"48453002215",3646,818,721,598,352,71,77,104,102,148,0,15,990,965,1404,797,1241,807,163,168
"48453002216",9411,1165,4163,1157,791,331,8,15,277,225,28,48,3134,1163,1010,529,790,512,220,127
"48453002217",6160,885,2606,716,1674,543,0,21,55,138,0,21,788,420,1037,468,944,456,93,111
"48453002218",5019,808,1640,568,1463,691,0,21,0,21,0,21,899,459,1017,495,920,459,97,100
"48453002219",6591,975,3072,768,514,199,14,19,85,74,11,28,1768,598,1127,550,795,509,332,211
"48453002220",3342,469,1074,698,586,320,0,15,0,15,0,15,833,483,849,698,581,606,268,261
"48453002221",2167,485,337,371,276,256,17,30,0,15,0,15,1461,502,76,99,60,100,16,29
"48453002222",3138,533,435,357,789,299,0,15,132,187,0,15,1321,924,461,457,399,443,62,108
"48453002304",3850,362,2830,401,60,55,0,15,199,147,0,15,226,163,535,217,184,135,351,162
"48453002307",4844,608,3088,516,443,272,39,73,215,132,0,15,723,534,336,185,180,141,156,129
"48453002310",2858,555,965,317,87,124,0,15,0,15,0,15,1160,365,646,367,602,366,44,47
"48453002313",3730,394,1912,329,594,375,27,29,151,103,38,53,651,318,357,150,226,131,131,82
"48453002314",5527,628,3596,433,544,295,17,28,80,73,0,21,513,447,777,445,430,403,347,205
"48453002315",2622,487,1134,360,301,129,0,15,142,104,0,15,710,435,335,277,272,275,63,51
"48453002316",4563,608,2092,444,762,444,391,335,268,234,0,15,643,432,407,340,312,343,95,74
"48453002319",2340,89,885,140,675,134,74,53,24,31,0,15,326,160,356,137,270,129,86,79
"48453002320",3987,666,2450,639,291,355,34,54,103,98,0,15,264,207,845,361,636,524,209,275
"48453002321",3837,600,2228,656,132,146,113,117,38,64,0,15,506,274,820,672,729,657,91,122
"48453002322",2254,609,1437,491,104,94,18,20,14,23,0,15,223,144,458,255,281,215,177,158
"48453002323",4569,729,3052,463,511,197,0,15,254,192,7,20,130,98,615,506,439,426,176,120
"48453002324",1247,563,424,339,410,300,0,15,173,231,0,15,240,266,0,15,0,15,0,15
"48453002325",4085,817,2647,657,186,125,0,15,69,68,0,15,1055,614,128,86,71,71,57,54
"48453002326",903,246,399,222,178,162,33,47,122,104,0,15,171,154,0,15,0,15,0,15
"48453002327",4874,910,2180,540,976,397,159,248,127,109,0,15,544,285,888,661,737,668,151,123
"48453002403",2353,330,1641,302,63,73,85,85,78,69,0,15,212,149,274,154,246,152,28,27
"48453002407",8665,1227,5919,1424,867,370,0,21,139,96,0,21,287,215,1453,586,1141,602,312,186
"48453002409",3360,485,2348,487,114,112,124,112,27,30,0,15,322,251,425,174,340,164,85,64
"48453002410",3816,439,2513,305,198,146,110,106,124,105,0,15,591,339,280,168,96,79,184,150
"48453002411",5796,786,2847,623,728,401,15,19,4,6,0,21,1983,1059,219,163,177,160,42,63
"48453002412",5173,773,1679,366,196,256,10,16,0,21,0,21,1770,835,1518,746,1410,747,108,75
"48453002413",3366,444,1098,440,622,374,23,32,22,35,0,15,1320,524,281,211,164,178,117,114
"48453002419",3927,514,1866,511,162,163,45,51,130,103,0,15,1126,769,598,321,271,247,327,216
"48453002422",8141,1927,5835,1821,443,130,132,121,357,296,0,21,830,615,544,361,446,339,98,122
"48453002423",6261,1104,5029,985,214,94,74,114,187,173,0,21,98,88,659,281,519,286,140,111
"48453002424",3548,441,2907,452,145,84,20,28,100,82,0,15,83,64,293,124,185,104,108,83
"48453002430",1962,521,1266,465,133,136,0,15,63,62,0,15,279,221,221,128,148,87,73,60
"48453002432",5153,816,2423,430,110,71,6,12,335,195,0,21,813,627,1466,622,1299,608,167,85
"48453002434",1997,369,1061,237,125,101,9,13,2,5,0,15,516,300,284,140,231,145,53,33
"48453002436",2727,555,1093,374,71,50,305,290,0,15,0,15,915,357,343,334,297,335,46,52
"48453002437",4899,1161,3537,1058,179,153,43,65,213,164,0,15,69,80,858,432,346,286,512,368
"48453002438",7026,1114,4418,1017,723,356,0,21,320,252,0,21,198,167,1367,836,775,443,592,680
"48453002439",2876,667,1238,551,380,255,0,15,0,15,0,15,911,317,347,216,347,216,0,15
"48453002440",6544,1022,3054,1212,134,116,0,21,220,246,0,21,2275,1196,861,373,698,364,163,148
"48453002441",5581,1178,2899,817,841,735,0,21,132,157,0,21,1324,884,385,290,322,280,63,72
"48453002442",2935,1013,1510,487,192,287,73,122,0,15,0,15,177,247,983,888,983,888,0,15
"48453002443",4050,636,2797,521,145,141,3,16,272,204,0,15,457,241,376,264,277,213,99,131
"48453002444",4230,571,3115,571,150,142,0,15,172,100,0,15,466,326,327,239,233,228,94,72
"48453002445",7136,781,4732,831,298,112,66,82,346,292,0,21,807,614,887,433,509,297,378,362
"48453002446",1623,253,1359,260,4,3,0,15,58,59,0,15,41,60,161,95,111,63,50,58
"48453002447",3288,490,2068,633,136,188,0,15,2,11,0,15,794,642,288,261,164,206,124,137
"48453002448",7782,1700,3746,887,850,395,0,21,128,115,0,21,1081,697,1977,853,1326,862,651,469
"48453002449",7203,1416,3029,700,508,271,17,30,97,156,0,21,1635,1140,1917,1017,1774,1025,143,176
"48453002450",3877,848,1497,810,60,94,0,15,171,187,0,15,1489,778,660,431,631,423,29,37
"48453002451",7535,744,4641,779,583,372,117,158,321,214,13,21,857,483,1003,453,616,401,387,184
"48453002452",3098,908,1251,845,40,49,33,48,39,69,0,15,1060,397,675,423,653,416,22,31
"48453002453",5475,819,2427,915,351,287,0,21,71,111,0,21,2395,874,231,206,175,177,56,69
"48453002500",6052,885,4271,606,154,148,0,21,337,211,27,39,439,378,824,351,228,169,596,305
"48453030000",4279,354,3599,421,2,24,0,15,313,263,0,15,17,27,348,156,157,125,191,122
"48453030100",3494,425,2733,379,296,283,13,15,137,98,0,15,26,30,289,136,210,120,79,60
"48453030200",5039,865,4072,869,27,40,0,21,203,141,0,21,17,27,720,367,548,338,172,142
"48453030300",4298,732,3791,735,55,46,8,13,22,25,0,15,110,77,312,172,166,76,146,150
"48453030400",4451,597,3434,414,2,5,10,16,44,52,0,15,229,126,732,341,551,334,181,124
"48453030500",6951,983,5231,923,547,461,0,21,359,161,0,21,42,48,772,312,212,162,560,291
"48453030600",5820,628,4764,721,148,158,0,21,311,138,0,21,26,42,571,262,278,238,293,175
"48453030700",4028,513,3710,517,0,15,0,15,220,143,0,15,0,15,98,62,10,14,88,57
"48453030800",4429,664,2871,525,53,60,0,15,946,534,57,66,38,54,464,233,438,236,26,32
"48453030900",7581,841,5594,753,465,374,40,61,78,78,0,21,625,647,779,335,458,230,321,251
"48453031000",4342,420,3477,440,134,107,0,15,190,117,0,15,0,15,541,282,370,266,171,129
"48453031100",5101,882,3982,643,80,87,0,21,304,269,0,21,110,97,625,347,333,312,292,157
"48453031200",6548,880,4856,852,164,152,0,21,727,218,0,21,126,111,675,359,263,195,412,235
"48453031300",3918,358,3131,341,253,157,6,11,185,85,0,15,93,103,250,111,89,68,161,88
"48453031400",4387,675,3319,607,20,32,0,15,415,269,0,15,0,15,633,484,533,492,100,61
"48453031500",7204,974,6351,1020,255,297,0,21,38,43,0,21,145,155,415,277,238,231,177,158
"48453031600",2237,291,1660,244,147,130,0,15,105,100,0,15,6,10,319,131,232,134,87,70
"48453031700",4729,704,3136,598,402,298,14,16,406,269,0,15,437,298,334,210,226,171,108,77
"48453031800",4499,675,3247,724,290,299,110,115,68,108,0,15,83,106,701,319,411,238,290,223
"48453031900",5231,520,4156,593,49,62,0,21,247,207,0,21,210,184,569,248,349,174,220,186
"48453032000",6303,878,4135,834,121,122,0,21,978,382,0,21,341,237,728,468,461,423,267,156
"48453032100",5181,747,3471,492,237,253,51,55,273,195,0,21,284,162,865,619,221,110,644,618
"48453032200",2047,198,1785,186,14,20,0,15,73,53,0,15,0,15,175,93,76,63,99,65
"48453032300",4160,562,2251,534,99,111,0,15,953,331,0,15,320,177,537,318,376,276,161,132
"48453032400",1537,233,825,162,125,93,0,15,201,109,0,15,62,45,324,160,157,106,167,125
"48453032500",4638,509,3463,427,183,121,0,15,318,150,0,15,41,49,633,364,393,364,240,142
"48453032600",6080,601,3454,497,170,98,56,56,1764,234,0,21,86,59,550,269,165,92,385,250
"48453032700",4430,706,3242,645,143,189,20,32,360,52,40,78,113,132,512,284,364,261,148,87
"48453032800",2738,610,1941,339,28,28,11,16,238,146,0,15,40,38,480,504,327,487,153,126
"48453032900",8143,1031,6331,795,67,63,46,50,675,298,33,39,64,82,927,408,464,257,463,298
"48453033000",7097,774,6071,713,178,146,0,21,86,85,0,21,142,90,620,346,465,311,155,115
"48453033100",4853,499,4368,513,28,43,0,15,92,70,0,15,28,32,337,160,225,127,112,111
"48453033200",5256,747,3121,810,35,34,40,47,854,571,0,21,359,217,847,372,429,302,418,255
"48453033300",9180,695,6174,749,651,454,69,86,1189,382,0,21,94,110,1003,574,580,399,423,287
"48453033400",3300,802,2322,400,213,180,33,46,74,57,0,15,160,169,498,444,127,87,371,443
"48453033500",5532,717,4270,719,19,30,60,77,272,177,0,21,233,285,678,339,459,277,219,174
"48453033600",4217,527,3330,399,179,249,25,43,107,104,0,15,148,150,428,274,294,265,134,95
"48453033700",2855,572,1699,156,17,19,0,15,564,380,0,15,286,407,289,176,213,169,76,48
"48453033800",4479,627,2088,310,447,570,0,15,1498,257,0,15,160,121,286,118,77,72,209,99
"48453033900",5626,888,4586,896,103,163,0,21,360,217,0,21,69,92,508,264,243,219,265,180
"48453034000",6908,702,4388,570,203,179,4,7,1883,580,0,21,0,21,430,444,430,444,0,21
"48453034100",6570,783,2274,454,988,452,0,21,2309,711,0,21,481,313,518,243,297,183,221,151
"48453034200",6097,784,3376,749,231,203,26,40,2118,436,0,21,138,114,208,159,132,124,76,99
"48453034300",4205,529,2476,584,0,15,0,15,941,405,0,15,0,15,788,536,586,524,202,137
"48453034400",2370,507,1790,621,0,15,0,15,227,209,0,15,336,435,17,20,9,15,8,13
"48453034500",2430,919,1422,868,0,15,0,15,881,275,8,16,24,42,95,143,0,15,95,143
"48453034600",3905,850,3047,775,85,89,42,63,210,181,0,15,35,50,486,289,208,201,278,208
"48453034700",5191,715,4274,699,0,21,0,21,657,320,0,21,0,21,260,196,0,21,260,196
"48453034800",5020,868,3489,624,407,530,0,21,666,422,0,21,0,21,458,235,119,120,339,216
"48453034900",8788,1824,7402,1857,218,212,89,150,693,306,0,21,29,76,357,217,0,21,357,217
"48453035000",7225,1105,5135,837,558,463,0,21,932,220,0,21,0,21,600,542,529,563,71,90
"48453035100",3789,899,2485,949,193,255,0,15,760,369,0,15,3,13,348,239,159,178,189,125
"48453035200",3768,440,3138,411,68,73,0,15,192,268,0,15,114,114,256,151,252,151,4,7
"48453035300",1603,293,1417,271,0,15,5,8,42,60,0,15,71,85,68,68,37,58,31,35
"48453035400",5327,488,4510,488,0,21,9,15,375,209,0,21,51,68,382,219,85,63,297,209
"48453035500",4023,667,3519,676,0,15,0,15,418,273,0,15,0,15,86,85,18,31,68,77
"48453035600",2035,382,1541,269,24,35,6,9,240,175,0,15,10,12,214,138,44,31,170,131
"48453035700",4591,715,3801,696,0,15,0,15,340,236,0,15,77,130,373,219,255,185,118,134
"48453035800",3907,721,2880,558,153,214,0,15,246,253,0,15,188,263,440,368,146,132,294,342
"48453035900",2456,887,2198,837,32,45,0,15,79,112,0,15,0,15,147,145,36,44,111,135
"48453036000",2053,405,1408,483,0,15,0,15,234,124,0,15,148,131,263,159,11,21,252,163
"48453036100",5375,511,3321,700,409,196,0,21,563,178,0,21,141,139,941,323,128,118,813,373
"48453036200",2026,339,1142,310,67,99,93,140,704,284,0,15,14,24,6,11,6,11,0,15
"48453036300",1747,544,1136,552,0,15,46,67,0,15,0,15,85,142,480,534,433,549,47,45
"48453036400",2741,482,2229,489,88,98,0,15,0,15,21,33,113,122,290,129,233,177,57,74
"48453036500",6888,825,4434,592,571,522,0,21,1510,488,0,21,0,21,373,226,180,147,193,198
"48453036600",9152,1474,8033,1475,94,145,0,21,291,250,19,33,3,12,712,405,449,328,263,203
"48453036700",7370,756,5213,595,58,64,0,21,1251,594,0,21,276,347,572,294,360,250,212,145
"48453036800",4119,374,3260,507,221,294,11,19,287,169,0,15,192,38,148,106,83,105,65,54
"48453036900",4204,435,3580,349,54,43,0,15,95,51,0,15,129,163,346,270,253,261,93,66
"48453037000",5642,705,4077,695,73,121,22,36,793,379,0,21,146,158,531,281,132,142,399,232
"48453037100",2527,356,1780,424,182,146,9,15,104,110,0,15,39,63,413,205,311,102,102,147
"48453037200",6481,779,4987,736,280,252,0,21,319,240,0,21,210,151,685,332,323,198,362,245
"48453037300",3174,494,2801,549,0,15,0,15,0,15,0,15,0,15,373,204,245,199,128,82
"48453037400",4134,585,3634,633,140,146,0,15,20,33,0,15,73,79,267,253,226,239,41,70
"48453037500",1555,190,1371,183,21,32,0,15,34,31,11,20,23,37,95,89,19,21,76,87
"48453037600",3863,384,3413,369,31,49,47,46,32,27,0,15,134,82,206,122,151,108,55,46
"48453040000",5994,939,2818,759,1026,486,259,233,723,424,68,106,327,197,773,475,609,469,164,126
"48453040100",4505,1132,2034,486,246,167,105,171,95,73,0,15,932,556,1093,1042,1031,1044,62,62
"48453040200",3258,571,1409,513,1262,493,96,145,21,33,17,28,142,121,311,235,311,235,0,15
"48453040300",6670,911,3280,634,932,598,141,175,567,409,0,21,1148,597,602,365,485,331,117,108
"48453040400",3716,341,2775,362,310,203,0,15,150,180,0,15,122,97,359,202,250,165,109,105
"48453040500",6523,1677,3205,702,420,548,0,21,210,188,0,21,1321,789,1367,1273,1235,1310,132,95
"48453040600",3516,645,1690,406,318,258,51,57,0,15,0,15,748,509,709,374,654,378,55,59
"48453040700",7096,1286,3928,1174,381,351,74,118,124,120,0,21,1625,928,964,717,858,718,106,104
"48453040800",5406,953,2843,790,166,126,223,188,127,90,0,21,1618,624,429,190,293,166,136,78
"48453040900",6507,1271,3700,909,850,475,180,266,142,153,13,24,858,489,764,466,489,422,275,240
"48453041000",7138,1217,3021,1039,1370,513,0,21,586,602,0,21,1669,936,492,460,280,406,212,226
"48453041100",1564,166,1128,161,152,100,0,15,101,81,0,15,38,33,145,74,48,31,97,68
"48453041200",3108,400,1759,257,331,178,24,31,453,219,0,15,273,241,268,147,162,94,106,114
"48453041300",4393,548,3202,390,307,263,0,15,228,126,0,15,32,34,624,315,502,306,122,73
"48453041400",2838,491,2322,541,86,77,33,50,133,87,0,15,26,30,238,124,128,81,110,94
"48453041500",3107,590,1639,316,876,493,23,35,9,14,0,15,418,309,142,121,99,112,43,67
"48453041600",8459,1037,5067,1153,896,387,855,845,315,226,0,21,870,654,456,321,384,307,72,87
"48453041700",2666,495,1345,212,357,224,132,178,148,84,0,15,104,94,580,308,152,89,428,303
"48453041800",3947,506,2509,321,542,319,0,15,201,137,0,15,329,372,366,167,155,134,211,101
"48453041900",3283,547,2195,407,69,60,0,15,288,260,9,15,189,212,533,292,427,275,106,96
"48453042000",2681,314,2068,301,44,67,7,12,340,120,0,15,33,42,189,110,110,88,79,49
"48453042100",4956,633,2266,447,1053,580,64,103,640,298,0,15,271,178,662,330,349,297,313,168
"48453042200",3941,686,2255,417,210,154,129,182,835,659,0,15,292,254,220,211,168,198,52,61
"48453042300",3858,898,2198,413,357,278,27,42,200,144,0,15,51,66,1025,805,746,803,279,131
"48453042400",11382,1274,5935,930,2266,904,149,199,1531,440,0,23,421,242,1080,459,630,349,450,317
"48453042500",7105,933,3626,643,1084,802,43,61,928,396,0,21,323,205,1101,378,730,357,371,170
"48453042600",3742,473,2483,493,577,255,18,30,59,50,0,15,347,198,258,177,198,166,60,60
"48453042700",4984,752,3206,774,445,159,0,15,173,135,0,15,188,121,972,419,696,432,276,172
"48453042800",8274,1532,4599,1539,1900,609,0,21,540,235,0,21,504,265,731,240,336,171,395,175
"48453042900",3241,569,1417,454,994,459,67,96,386,256,0,15,159,108,218,164,115,136,103,85
"48453043000",3481,401,1882,295,504,217,14,22,266,155,0,15,342,257,473,216,334,183,139,110
"48453043100",2307,452,1242,486,107,158,3,16,87,91,0,15,681,303,187,106,18,31,169,98
"48453043200",3350,839,2009,545,651,286,131,210,95,109,0,15,131,141,333,347,216,318,117,144
"48453043300",4086,1105,1764,981,517,224,165,161,47,55,0,15,903,590,690,607,386,508,304,321
"48453043400",5355,1256,2088,745,568,455,641,479,45,59,0,21,692,549,1321,931,1134,903,187,168
"48453043500",7129,935,3394,661,928,550,95,151,1728,618,0,21,0,21,984,934,743,906,241,158
"48453043600",4599,1309,1893,357,990,740,0,15,134,109,0,15,1502,1250,80,86,35,46,45,72
"48453043700",2537,588,1434,441,268,279,0,15,555,393,0,15,184,174,96,83,96,83,0,15
"48453043800",3644,1214,1854,470,545,240,0,15,50,43,0,15,927,1169,268,151,250,153,18,26
"48453043900",7551,1045,2294,594,2038,608,81,95,1529,516,0,21,1072,501,537,315,321,277,216,142
"48453044000",5366,1211,2986,1535,1079,1087,0,21,131,108,0,21,472,544,698,735,94,99,604,730
"48453044100",2852,265,1350,349,88,168,0,15,415,299,44,64,608,335,347,228,277,222,70,72
"48453044200",5684,1089,1812,497,1445,815,0,21,467,228,0,21,589,420,1371,837,712,465,659,711
"48453044300",6896,1315,3510,1065,1148,965,0,21,499,338,0,21,505,437,1234,889,1106,879,128,193
"48453044400",5946,824,3423,988,569,401,0,21,545,193,0,21,371,309,1038,635,591,510,447,380
"48453044500",5274,1559,1601,277,1935,1410,26,40,664,840,0,21,790,250,258,253,99,116,159,220
"48453044600",4334,919,1523,449,1513,655,0,15,747,296,0,15,226,240,325,319,292,318,33,46
"48453044700",1969,571,1490,630,102,175,35,54,0,15,0,15,196,294,146,177,51,79,95,144
"48453044800",4206,719,1785,547,174,146,272,405,298,424,0,15,1394,688,283,341,283,341,0,15
"48453044900",10977,1649,5370,1294,784,569,24,44,1273,593,0,23,2576,1254,950,809,820,792,130,145
"48453045000",2437,535,711,313,536,383,92,161,273,146,0,15,289,280,536,293,404,270,132,111
"48453045100",3250,1272,2336,1255,503,259,10,16,220,130,0,15,20,34,161,129,81,103,80,75
"48453045200",3930,581,1961,402,408,265,0,15,684,529,0,15,251,181,626,307,374,296,252,157
"48453045300",4108,658,2466,537,286,354,0,15,853,631,0,15,90,107,413,356,303,332,110,139
"48453045400",6281,941,3647,636,831,395,0,21,1134,535,0,21,0,21,669,562,450,535,219,210
"48453045500",4594,1939,3221,1707,995,906,25,37,92,113,0,15,29,49,232,174,207,161,25,45
"48453045600",5088,604,2933,632,478,274,0,21,1014,414,0,21,260,255,403,202,219,147,184,137
"48453045700",3361,679,2079,511,346,294,67,79,292,310,0,15,116,132,461,389,347,336,114,171
"48453045800",4391,2349,2808,2265,146,81,226,307,48,80,0,15,737,601,426,269,218,190,208,161
"48453045900",13357,1575,5918,2324,2137,691,359,402,500,411,23,38,2700,1023,1720,862,1303,841,417,241
"48453046000",4823,834,2421,802,1328,591,305,409,306,326,0,15,0,15,463,500,143,231,320,460
"48453046100",5573,712,2870,846,1079,593,0,21,448,261,0,21,163,169,1013,585,776,537,237,212
"48453046200",7100,953,3970,1041,1002,180,0,21,849,340,0,21,298,263,981,538,616,484,365,250
"48453046300",1936,629,1154,304,226,220,6,10,100,122,0,15,406,633,44,67,0,15,44,67
"48453046400",3248,484,1821,363,161,242,0,15,311,186,0,15,264,210,691,486,603,487,88,70
"48453046500",3455,604,1846,437,507,376,51,82,295,286,0,15,41,82,715,447,477,429,238,177
"48453046600",11233,4217,3263,811,694,497,0,23,319,139,0,23,144,99,6813,3889,6373,3786,440,454
"48453046700",3572,428,1982,640,735,533,0,15,202,247,0,15,24,42,629,275,460,296,169,197
"48453046800",11450,1365,6818,1377,1262,771,146,222,1077,556,0,23,1137,775,1010,667,827,648,183,169
"48453046900",8199,1001,4234,943,1541,773,0,21,624,429,0,21,746,634,1054,474,713,419,341,239
"48453047000",1455,188,1066,252,188,243,0,15,0,15,17,28,40,38,144,240,17,38,127,236
"48453980000",0,15,0,15,0,15,0,15,0,15,0,15,0,15,0,15,0,15,0,15
